"Fipscode","State","Geographic.area","Population","Land.Area.in.square.miles"
48001,"Texas","ANDERSON",58458,1062.6
48003,"Texas","ANDREWS",14786,1500.71
48005,"Texas","ANGELINA",86771,797.78
48007,"Texas","ARANSAS",23158,252.07
48009,"Texas","ARCHER",9054,903.11
48011,"Texas","ARMSTRONG",1901,909.11
48013,"Texas","ATASCOSA",44911,1219.54
48015,"Texas","AUSTIN",28417,646.51
48017,"Texas","BAILEY",7165,826.8
48019,"Texas","BANDERA",20485,790.96
48021,"Texas","BASTROP",74171,888.15
48023,"Texas","BAYLOR",3726,867.48
48025,"Texas","BEE",31861,880.24
48027,"Texas","BELL",310235,1051.02
48029,"Texas","BEXAR",1714773,1239.82
48031,"Texas","BLANCO",10497,709.25
48033,"Texas","BORDEN",641,897.44
48035,"Texas","BOSQUE",18212,982.98
48037,"Texas","BOWIE",92565,885.01
48039,"Texas","BRAZORIA",313166,1357.7
48041,"Texas","BRAZOS",194851,585.45
48043,"Texas","BREWSTER",9232,6183.73
48045,"Texas","BRISCOE",1637,900
48047,"Texas","BROOKS",7223,943.36
48049,"Texas","BROWN",38106,944.43
48051,"Texas","BURLESON",17187,659.03
48053,"Texas","BURNET",42750,994.26
48055,"Texas","CALDWELL",38066,545.26
48057,"Texas","CALHOUN",21381,506.84
48059,"Texas","CALLAHAN",13544,899.37
48061,"Texas","CAMERON",406220,890.92
48063,"Texas","CAMP",12401,195.83
48065,"Texas","CARSON",6182,920.22
48067,"Texas","CASS",30464,936.96
48069,"Texas","CASTRO",8062,894.43
48071,"Texas","CHAMBERS",35096,597.14
48073,"Texas","CHEROKEE",50845,1052.91
48075,"Texas","CHILDRESS",7041,696.4
48077,"Texas","CLAY",10752,1088.72
48079,"Texas","COCHRAN",3127,775.15
48081,"Texas","COKE",3320,911.47
48083,"Texas","COLEMAN",8895,1261.95
48085,"Texas","COLLIN",782341,841.22
48087,"Texas","COLLINGSWORTH",3057,918.44
48089,"Texas","COLORADO",20874,960.27
48091,"Texas","COMAL",108472,559.48
48093,"Texas","COMANCHE",13974,937.75
48095,"Texas","CONCHO",4087,983.8
48097,"Texas","COOKE",38437,874.76
48099,"Texas","CORYELL",75388,1052.07
48101,"Texas","COTTLE",1505,900.56
48103,"Texas","CRANE",4375,785.07
48105,"Texas","CROCKETT",3719,2807.33
48107,"Texas","CROSBY",6059,900.2
48109,"Texas","CULBERSON",2398,3812.8
48111,"Texas","DALLAM",6703,1503.26
48113,"Texas","DALLAS",2368139,871.28
48115,"Texas","DAWSON",13833,900.31
48117,"Texas","DEAF SMITH",19372,1496.87
48119,"Texas","DELTA",5231,256.83
48121,"Texas","DENTON",662614,878.43
48123,"Texas","DEWITT",20097,908.98
48125,"Texas","DICKENS",2444,901.72
48127,"Texas","DIMMIT",9996,1328.88
48129,"Texas","DONLEY",3677,926.89
48131,"Texas","DUVAL",11782,1793.48
48133,"Texas","EASTLAND",18583,926.49
48135,"Texas","ECTOR",137130,897.69
48137,"Texas","EDWARDS",2002,2117.86
48139,"Texas","ELLIS",149610,935.49
48141,"Texas","EL PASO",800647,1012.69
48143,"Texas","ERATH",37890,1083.07
48145,"Texas","FALLS",17866,765.48
48147,"Texas","FANNIN",33915,890.84
48149,"Texas","FAYETTE",24554,950.01
48151,"Texas","FISHER",3974,898.94
48153,"Texas","FLOYD",6446,992.14
48155,"Texas","FOARD",1336,704.4
48157,"Texas","FORT BEND",585375,861.48
48159,"Texas","FRANKLIN",10605,284.39
48161,"Texas","FREESTONE",19816,877.74
48163,"Texas","FRIO",17217,1133.5
48165,"Texas","GAINES",17526,1502.38
48167,"Texas","GALVESTON",291309,378.36
48169,"Texas","GARZA",6461,893.41
48171,"Texas","GILLESPIE",24837,1058.21
48173,"Texas","GLASSCOCK",1226,900.22
48175,"Texas","GOLIAD",7210,852.01
48177,"Texas","GONZALES",19807,1066.69
48179,"Texas","GRAY",22535,925.97
48181,"Texas","GRAYSON",120877,932.8
48183,"Texas","GREGG",121730,273.3
48185,"Texas","GRIMES",26604,787.46
48187,"Texas","GUADALUPE",131533,711.3
48189,"Texas","HALE",36273,1004.68
48191,"Texas","HALL",3353,883.49
48193,"Texas","HAMILTON",8517,835.91
48195,"Texas","HANSFORD",5613,919.81
48197,"Texas","HARDEMAN",4139,695.11
48199,"Texas","HARDIN",54635,890.57
48201,"Texas","HARRIS",4092459,1703.48
48203,"Texas","HARRISON",65631,899.95
48205,"Texas","HARTLEY",6062,1462.03
48207,"Texas","HASKELL",5899,903.13
48209,"Texas","HAYS",157107,677.98
48211,"Texas","HEMPHILL",3807,906.29
48213,"Texas","HENDERSON",78532,873.75
48215,"Texas","HIDALGO",774769,1570.87
48217,"Texas","HILL",35089,958.86
48219,"Texas","HOCKLEY",22935,908.39
48221,"Texas","HOOD",51182,420.64
48223,"Texas","HOPKINS",35161,767.17
48225,"Texas","HOUSTON",23732,1230.91
48227,"Texas","HOWARD",35012,900.79
48229,"Texas","HUDSPETH",3476,4570.98
48231,"Texas","HUNT",86129,840.32
48233,"Texas","HUTCHINSON",22150,887.42
48235,"Texas","IRION",1599,1051.56
48237,"Texas","JACK",9044,910.66
48239,"Texas","JACKSON",14075,829.43
48241,"Texas","JASPER",35710,938.85
48243,"Texas","JEFF DAVIS",2342,2264.56
48245,"Texas","JEFFERSON",252273,876.3
48247,"Texas","JIM HOGG",5300,1136.14
48249,"Texas","JIM WELLS",40838,864.97
48251,"Texas","JOHNSON",150934,724.69
48253,"Texas","JONES",20202,928.55
48255,"Texas","KARNES",14824,747.56
48257,"Texas","KAUFMAN",103350,780.7
48259,"Texas","KENDALL",33410,662.45
48261,"Texas","KENEDY",416,1458.33
48263,"Texas","KENT",808,902.51
48265,"Texas","KERR",49625,1103.32
48267,"Texas","KIMBLE",4607,1250.99
48269,"Texas","KING",286,910.87
48271,"Texas","KINNEY",3598,1360.05
48273,"Texas","KLEBERG",32061,881.31
48275,"Texas","KNOX",3719,850.62
48277,"Texas","LAMAR",49793,907.19
48279,"Texas","LAMB",13977,1016.18
48281,"Texas","LAMPASAS",19677,712.84
48283,"Texas","LASALLE",6886,1486.69
48285,"Texas","LAVACA",19263,969.71
48287,"Texas","LEE",16612,629.02
48289,"Texas","LEON",16801,1073.15
48291,"Texas","LIBERTY",75643,1158.42
48293,"Texas","LIMESTONE",23384,905.29
48295,"Texas","LIPSCOMB",3302,932.18
48297,"Texas","LIVE OAK",11531,1039.7
48299,"Texas","LLANO",19301,934.03
48301,"Texas","LOVING",82,668.93
48303,"Texas","LUBBOCK",278831,895.6
48305,"Texas","LYNN",5915,891.87
48307,"Texas","MCCULLOCH",8283,1065.6
48309,"Texas","MCLENNAN",234906,1037.1
48311,"Texas","MCMULLEN",707,1139.43
48313,"Texas","MADISON",13664,466.07
48315,"Texas","MARION",10546,380.88
48317,"Texas","MARTIN",4799,914.94
48319,"Texas","MASON",4012,928.8
48321,"Texas","MATAGORDA",36702,1100.28
48323,"Texas","MAVERICK",54258,1279.26
48325,"Texas","MEDINA",46006,1325.36
48327,"Texas","MENARD",2242,902.03
48329,"Texas","MIDLAND",136872,900.3
48331,"Texas","MILAM",24757,1016.93
48333,"Texas","MILLS",4936,748.26
48335,"Texas","MITCHELL",9403,911.09
48337,"Texas","MONTAGUE",19719,930.91
48339,"Texas","MONTGOMERY",455746,1041.73
48341,"Texas","MOORE",21904,899.69
48343,"Texas","MORRIS",12934,251.98
48345,"Texas","MOTLEY",1210,989.56
48347,"Texas","NACOGDOCHES",64524,946.54
48349,"Texas","NAVARRO",47735,1009.63
48351,"Texas","NEWTON",14445,933.68
48353,"Texas","NOLAN",15216,912
48355,"Texas","NUECES",340223,838.48
48357,"Texas","OCHILTREE",10223,917.63
48359,"Texas","OLDHAM",2052,1500.53
48361,"Texas","ORANGE",81837,333.67
48363,"Texas","PALO PINTO",28111,951.79
48365,"Texas","PANOLA",23796,801.75
48367,"Texas","PARKER",116927,903.48
48369,"Texas","PARMER",10269,880.78
48371,"Texas","PECOS",15507,4763.85
48373,"Texas","POLK",45413,1057.09
48375,"Texas","POTTER",121073,908.37
48377,"Texas","PRESIDIO",7818,3855.24
48379,"Texas","RAINS",10914,229.45
48381,"Texas","RANDALL",120725,911.54
48383,"Texas","REAGAN",3367,1175.3
48385,"Texas","REAL",3309,699.19
48387,"Texas","RED RIVER",12860,1036.58
48389,"Texas","REEVES",13783,2635.37
48391,"Texas","REFUGIO",7383,770.44
48393,"Texas","ROBERTS",929,924.06
48395,"Texas","ROBERTSON",16622,855.68
48397,"Texas","ROCKWALL",78337,127.04
48399,"Texas","RUNNELS",10501,1050.94
48401,"Texas","RUSK",53330,924.03
48403,"Texas","SABINE",10834,491.39
48405,"Texas","SAN AUGUSTINE",8865,530.66
48407,"Texas","SAN JACINTO",26384,569.24
48409,"Texas","SAN PATRICIO",64804,693.45
48411,"Texas","SAN SABA",6131,1135.3
48413,"Texas","SCHLEICHER",3461,1310.63
48415,"Texas","SCURRY",16921,905.44
48417,"Texas","SHACKELFORD",3378,914.29
48419,"Texas","SHELBY",25448,795.58
48421,"Texas","SHERMAN",3034,923.04
48423,"Texas","SMITH",209714,921.45
48425,"Texas","SOMERVELL",8490,186.46
48427,"Texas","STARR",60968,1223.18
48429,"Texas","STEPHENS",9630,896.72
48431,"Texas","STERLING",1143,923.45
48433,"Texas","STONEWALL",1490,916.31
48435,"Texas","SUTTON",4128,1453.93
48437,"Texas","SWISHER",7854,890.16
48439,"Texas","TARRANT",1809034,863.61
48441,"Texas","TAYLOR",131506,915.55
48443,"Texas","TERRELL",984,2358.03
48445,"Texas","TERRY",12651,888.84
48447,"Texas","THROCKMORTON",1641,912.55
48449,"Texas","TITUS",32334,406.05
48451,"Texas","TOM GREEN",110224,1521.97
48453,"Texas","TRAVIS",1024266,990.2
48455,"Texas","TRINITY",14585,693.61
48457,"Texas","TYLER",21766,924.5
48459,"Texas","UPSHUR",39309,582.95
48461,"Texas","UPTON",3355,1241.32
48463,"Texas","UVALDE",26405,1551.95
48465,"Texas","VAL VERDE",48879,3144.75
48467,"Texas","VAN ZANDT",52579,842.56
48469,"Texas","VICTORIA",86793,882.14
48471,"Texas","WALKER",67861,784.17
48473,"Texas","WALLER",43205,513.43
48475,"Texas","WARD",10658,835.6
48477,"Texas","WASHINGTON",33718,603.95
48479,"Texas","WEBB",250304,3361.48
48481,"Texas","WHARTON",41280,1086.15
48483,"Texas","WHEELER",5410,914.52
48485,"Texas","WICHITA",131500,627.78
48487,"Texas","WILBARGER",13535,970.84
48489,"Texas","WILLACY",22134,590.55
48491,"Texas","WILLIAMSON",422679,1118.3
48493,"Texas","WILSON",42918,803.73
48495,"Texas","WINKLER",7110,841.11
48497,"Texas","WISE",59127,904.42
48499,"Texas","WOOD",41964,645.23
48501,"Texas","YOAKUM",7879,799.71
48503,"Texas","YOUNG",18550,914.47
48505,"Texas","ZAPATA",14018,998.41
48507,"Texas","ZAVALA",11677,1297.41
