year,congress,statabb,district,name,party,aauw,age,bday,srvlng,female,white,rgroup,ngirls,nboys,demvote
1997-1998,105,HI,1,"ABERCROMBIE, NEIL",1,100,58,26jun1938,7,0,1,0,0,0,.56999999
1997-1998,105,NY,5,"ACKERMAN, GARY L.",1,88,54,19nov1942,15,0,1,4,1,2,.60000002
1997-1998,105,AL,4,"ADERHOLT, ROBERT B.",2,0,31,22jul1965,1,0,1,1,0,0,.43000001
1997-1998,105,ME,1,"ALLEN, THOMAS H.",1,100,51,16apr1945,1,0,1,1,2,0,.51999998
1997-1998,105,NJ,1,"ANDREWS, ROBERT E.",1,100,39,04aug1957,7,0,1,1,2,0,.58999997
1997-1998,105,TX,7,"ARCHER, W.R.",2,0,68,22mar1928,27,0,1,2,3,4,.28
1997-1998,105,TX,26,"ARMEY, RICHARD K.",2,0,56,07jul1940,13,0,1,1,1,4,.30000001
1997-1998,105,AL,6,"BACHUS, SPENCER",2,0,49,28dec1947,5,0,1,1,2,3,.27000001
1997-1998,105,KY,6,"BAESLER, SCOTTY",1,75,55,09sep1941,5,0,1,1,1,1,.46000001
1997-1998,105,LA,6,"BAKER, RICHARD H.",2,0,48,22may1948,11,0,1,1,1,1,.5
1997-1998,105,ME,2,"BALDACCI, JOHN E.",1,100,41,30jan1955,3,0,1,2,0,1,.50999999
1997-1998,105,NC,10,"BALLENGER, CASS",2,0,70,06dec1926,11,0,1,1,3,0,.31
1997-1998,105,MI,5,"BARCIA, JAMES A.",1,63,44,25feb1952,5,0,1,2,0,0,.56999999
1997-1998,105,GA,7,"BARR, BOB",2,0,48,05nov1948,3,0,1,1,1,3,.40000001
1997-1998,105,WI,5,"BARRETT, THOMAS M.",1,88,43,08dec1953,5,0,1,2,1,1,.63
1997-1998,105,NE,3,"BARRETT, WILLIAM E.",2,38,67,09feb1929,7,0,1,1,2,2,.28999999
1997-1998,105,MD,6,"BARTLETT, ROSCOE G.",2,0,70,03jun1926,5,0,1,1,4,6,.38
1997-1998,105,TX,6,"BARTON, JOE L.",2,0,47,15sep1949,13,0,1,1,2,1,.33000001
1997-1998,105,NH,2,"BASS, CHARLES F.",2,25,45,08jan1952,3,0,1,1,1,1,.5
1997-1998,105,VA,1,"BATEMAN, HERBERT H.",2,13,68,07aug1928,15,0,1,1,1,1,.40000001
1997-1998,105,CA,30,"BECERRA, XAVIER",1,100,38,26jan1958,5,0,0,2,2,0,.70999998
1997-1998,105,TX,25,"BENTSEN, KENNETH",1,100,37,03jun1959,3,0,1,1,2,0,.50999999
1997-1998,105,NE,1,"BEREUTER, DOUGLAS K.",2,13,57,06oct1939,19,0,1,1,0,2,.38
1997-1998,105,CA,26,"BERMAN, HOWARD L.",1,100,55,15apr1941,15,0,1,4,2,0,.64999998
1997-1998,105,AR,1,"BERRY, ROBERT M.",1,63,54,27aug1942,1,0,1,1,1,1,.57999998
1997-1998,105,CA,49,"BILBRAY, BRIAN P.",2,25,45,28jan1951,3,0,1,2,3,2,.49000001
1997-1998,105,FL,9,"BILIRAKIS, MICHAEL",2,0,66,16jul1930,15,0,1,2,0,2,.44
1997-1998,105,GA,2,"BISHOP, SANFORD D., JR.",1,88,49,04feb1947,5,0,0,1,0,0,.49000001
1997-1998,105,IL,5,"BLAGOJEVICH, ROD R.",1,100,40,10dec1956,1,0,1,2,1,0,.63
1997-1998,105,VA,7,"BLILEY, THOMAS J.",2,0,64,28jan1932,17,0,1,2,1,1,.34999999
1997-1998,105,OR,3,"BLUMENAUER, EARL",1,100,48,16aug1948,1,0,1,0,1,1,.57999998
1997-1998,105,MO,7,"BLUNT, ROY",2,13,47,10jan1950,1,0,1,1,1,2,.37
1997-1998,105,NY,23,"BOEHLERT, SHERWOOD L.",2,88,60,28sep1936,15,0,1,2,3,1,.46000001
1997-1998,105,OH,8,"BOEHNER, JOHN A.",2,0,47,17nov1949,7,0,1,2,2,0,.37
1997-1998,105,TX,23,"BONILLA, HENRY",2,13,43,02jan1954,5,0,0,1,1,1,.5
1997-1998,105,MI,10,"BONIOR, DAVID E.",1,75,51,06jun1945,21,0,1,2,1,2,.49000001
1997-1998,105,CA,44,"BONO, SONNY",2,0,61,16feb1935,3,0,1,2,3,1,.44
1997-1998,105,PA,3,"BORSKI, ROBERT A., JR.",1,63,48,20oct1948,15,0,1,2,4,1,.61000001
1997-1998,105,IA,3,"BOSWELL, LEONARD L.",1,88,63,10jan1934,1,0,1,3,2,1,.5
1997-1998,105,VA,9,"BOUCHER, FREDERICK C.",1,88,50,01aug1946,15,0,1,1,0,0,.46000001
1997-1998,105,FL,2,"BOYD, F. ALLEN, JR.",1,75,51,06jun1945,1,0,1,1,1,2,.47
1997-1998,105,TX,8,"BRADY, KEVIN",2,0,41,04nov1955,1,0,1,2,0,0,.27000001
1997-1998,105,FL,3,"BROWN, CORRINE",1,100,50,11nov1946,5,1,0,1,1,0,.57999998
1997-1998,105,CA,42,"BROWN, GEORGE E., JR.",1,100,76,26mar1920,33,0,1,1,0,6,.52999997
1997-1998,105,OH,13,"BROWN, SHERROD",1,100,44,09nov1952,5,0,1,1,2,0,.46000001
1997-1998,105,TN,7,"BRYANT, EDWARD G.",2,0,48,07sep1948,3,0,1,1,0,3,.41
1997-1998,105,KY,4,"BUNNING, JIM",2,0,65,23oct1931,11,0,1,2,5,4,.41
1997-1998,105,NC,5,"BURR, RICHARD M.",2,25,41,30nov1955,3,0,1,1,0,2,.41
1997-1998,105,IN,6,"BURTON, DANNY L.",2,0,58,21jun1938,15,0,1,1,2,1,.28
1997-1998,105,IN,5,"BUYER, STEVE",2,13,38,26nov1958,5,0,1,1,1,1,.37
1997-1998,105,AL,1,"CALLAHAN, HERBERT L. (SONNY)",1,0,64,11sep1932,13,0,1,2,1,4,.38999999
1997-1998,105,CA,43,"CALVERT, KEN",2,0,43,08jun1953,5,0,1,1,0,0,.43000001
1997-1998,105,MI,4,"CAMP, DAVID LEE",2,0,43,09jul1953,7,0,1,2,0,1,.47
1997-1998,105,CA,15,"CAMPBELL, TOM",2,38,44,14aug1952,9,0,1,2,0,0,.52999997
1997-1998,105,FL,12,"CANADY, CHARLES T.",2,0,42,22jun1954,5,0,1,1,0,0,.43000001
1997-1998,105,UT,3,"CANNON, CHRISTOPHER B.",2,13,46,20oct1950,1,0,1,3,5,2,.28999999
1997-1998,105,CA,22,"CAPPS, WALTER",1,100,62,05may1934,1,0,1,1,2,1,.44
1997-1998,105,MD,3,"CARDIN, BENJAMIN L.",1,100,53,05oct1943,11,0,1,4,1,1,.57999998
1997-1998,105,IN,10,"CARSON, JULIA M.",1,88,58,08jul1938,1,1,0,1,1,1,.54000002
1997-1998,105,DE,1,"CASTLE, MICHAEL N.",2,63,57,02jul1939,5,0,1,2,0,0,.51999998
1997-1998,105,OH,1,"CHABOT, STEVEN",2,0,43,22jan1953,3,0,1,2,1,1,.5
1997-1998,105,GA,8,"CHAMBLISS, C. SAXBY",2,0,53,10nov1943,3,0,1,1,1,1,.47
1997-1998,105,ID,1,"CHENOWETH, HELEN P.",2,0,58,27jul1938,3,1,1,1,1,1,.34999999
1997-1998,105,NE,2,"CHRISTENSEN, JON LYNN",2,0,33,20feb1963,3,0,1,1,0,0,.38
1997-1998,105,MO,1,"CLAY, WILLIAM",1,100,65,30apr1931,29,0,0,2,2,1,.74000001
1997-1998,105,NC,1,"CLAYTON, EVA",1,100,62,16sep1934,5,1,0,1,1,3,.63
1997-1998,105,TN,5,"CLEMENT, ROBERT N.",1,75,53,23sep1943,10,0,1,1,2,2,.55000001
1997-1998,105,SC,6,"CLYBURN, JAMES E.",1,100,56,21jul1940,5,0,0,1,3,0,.64999998
1997-1998,105,NC,6,"COBLE, HOWARD",2,0,65,18mar1931,13,0,1,1,0,0,.33000001
1997-1998,105,OK,2,"COBURN, THOMAS A.",2,0,48,14mar1948,3,0,1,1,3,0,.47
1997-1998,105,GA,3,"COLLINS, MICHAEL A. (MAC)",2,13,52,14oct1944,5,0,1,1,2,2,.41999999
1997-1998,105,TX,19,"COMBEST, LARRY E.",2,0,51,20mar1945,13,0,1,1,1,1,.25999999
1997-1998,105,CA,18,"CONDIT, GARY A.",1,63,48,20apr1948,8,0,1,1,1,1,.46000001
1997-1998,105,MI,14,"CONYERS, JOHN, JR.",1,100,67,16may1929,33,0,0,1,0,2,.86000001
1997-1998,105,UT,2,"COOK, MERRILL A.",2,0,50,06may1946,1,0,1,3,3,2,.41
1997-1998,105,LA,5,"COOKSEY, JOHN CHARLES",2,13,55,20apr1941,1,0,1,1,3,0,.47999999
1997-1998,105,IL,12,"COSTELLO, JERRY F.",1,63,47,25sep1949,9,0,1,2,1,2,.56
1997-1998,105,CA,47,"COX, C. CHRISTOPHER",2,0,44,16oct1952,9,0,1,2,1,1,.36000001
1997-1998,105,PA,14,"COYNE, WILLIAM J.",1,100,60,24aug1936,17,0,1,2,0,0,.58999997
1997-1998,105,AL,5,"CRAMER, BUD",2,63,49,22aug1947,7,0,1,1,1,0,.43000001
1997-1998,105,IL,8,"CRANE, PHILIP M.",2,0,66,03nov1930,29,0,1,1,7,1,.41
1997-1998,105,ID,2,"CRAPO, MICHAEL D.",2,0,45,20may1951,5,0,1,3,3,2,.31999999
1997-1998,105,WY,1,"CUBIN, BARBARA",2,0,50,30nov1946,3,1,1,1,0,2,.5
1997-1998,105,MD,7,"CUMMINGS, ELIJAH E.",1,100,45,18jan1951,1,0,0,1,1,0,.81
1997-1998,105,CA,51,"CUNNINGHAM, RANDY (DUKE)",2,0,55,08dec1941,7,0,1,1,2,1,.38
1997-1998,105,MO,6,"DANNER, PAT",1,63,63,13jan1934,5,1,1,2,2,2,.46000001
1997-1998,105,IL,7,"DAVIS, DANNY K.",1,100,55,16sep1941,1,0,0,1,0,2,.81999999
1997-1998,105,FL,11,"DAVIS, JIM",1,88,39,11oct1957,1,0,1,1,0,2,.51999998
1997-1998,105,VA,11,"DAVIS, THOMAS M.",2,63,48,05jan1949,3,0,1,3,2,1,.47999999
1997-1998,105,GA,9,"DEAL, NATHAN",2,0,54,25aug1942,5,0,1,1,3,1,.34999999
1997-1998,105,OR,4,"DEFAZIO, PETER A.",1,100,49,27may1947,11,0,1,2,0,0,.44999999
1997-1998,105,CO,1,"DEGETTE, DIANA L.",1,100,39,29jul1957,1,1,1,1,2,0,.61000001
1997-1998,105,MA,10,"DELAHUNT, WILLIAM D.",1,100,55,18jul1941,1,0,1,2,2,0,.56
1997-1998,105,CT,3,"DELAURO, ROSA L.",1,100,53,02mar1943,7,1,1,2,2,1,.56999999
1997-1998,105,TX,22,"DELAY, THOMAS D.",2,0,49,08apr1947,13,0,1,1,1,0,.38
1997-1998,105,CA,9,"DELLUMS, RONALD V.",1,100,61,24nov1935,27,0,0,1,2,1,.75
1997-1998,105,FL,20,"DEUTSCH, PETER",1,100,39,01apr1957,5,0,1,4,1,1,.58999997
1997-1998,105,FL,21,"DIAZ-BALART, LINCOLN",2,25,42,13aug1954,5,0,0,2,0,2,.44999999
1997-1998,105,AR,4,"DICKEY, JAY",2,13,57,14dec1939,5,0,1,1,2,2,.60000002
1997-1998,105,WA,6,"DICKS, NORMAN",1,100,56,16dec1940,21,0,1,1,0,2,.5
1997-1998,105,MI,16,"DINGELL, JOHN DAVID, JR.",1,63,70,08jul1926,42,0,1,2,2,2,.54000002
1997-1998,105,CA,32,"DIXON, JULIAN CAREY",1,100,62,08aug1934,19,0,0,1,0,1,.81
1997-1998,105,TX,10,"DOGGETT, LLOYD",1,100,50,06oct1946,3,0,1,1,2,0,.54000002
1997-1998,105,CA,20,"DOOLEY, CALVIN",1,100,43,11jan1954,7,0,1,1,2,0,.51999998
1997-1998,105,CA,4,"DOOLITTLE, JOHN T.",2,0,46,30oct1950,7,0,1,3,1,1,.38
1997-1998,105,PA,18,"DOYLE, MICHAEL F.",1,50,43,05aug1953,3,0,1,2,1,3,.51999998
1997-1998,105,CA,28,"DREIER, DAVID",2,0,44,05jul1952,17,0,1,3,0,0,.44999999
1997-1998,105,TN,2,"DUNCAN, JOHN J., JR.",2,0,49,21jul1947,9,0,1,1,2,2,.41999999
1997-1998,105,WA,8,"DUNN, JENNIFER",2,0,55,29jul1941,5,1,1,1,0,2,.47
1997-1998,105,TX,11,"EDWARDS, CHET",1,100,45,24nov1951,7,0,1,1,0,1,.41999999
1997-1998,105,MI,3,"EHLERS, VERNON J.",2,25,53,06feb1943,3,0,1,1,2,2,.38999999
1997-1998,105,MD,2,"EHRLICH, ROBERT L., JR.",2,25,49,25nov1947,3,0,1,1,0,0,.40000001
1997-1998,105,MO,8,"EMERSON, JOANN",2,0,46,16sep1950,1,1,1,1,4,0,.44999999
1997-1998,105,NY,17,"ENGEL, ELIOT L.",1,100,49,18feb1947,9,0,1,4,1,2,.85000002
1997-1998,105,PA,21,"ENGLISH, PHILIP S.",2,38,40,20jun1956,3,0,1,2,0,0,.49000001
1997-1998,105,NV,1,"ENSIGN, JOHN E.",2,25,38,25mar1958,3,0,1,1,1,1,.50999999
1997-1998,105,CA,14,"ESHOO, ANNA G.",1,100,54,13dec1942,5,1,1,2,1,1,.57999998
1997-1998,105,NC,2,"ETHERIDGE, BOBBY R.",1,88,55,07aug1941,1,0,1,1,1,2,.41999999
1997-1998,105,IL,17,"EVANS, LANE",1,100,45,04aug1951,15,0,1,2,0,0,.50999999
1997-1998,105,AL,2,"EVERETT, TERRY",2,0,59,15feb1937,5,0,1,1,0,0,.37
1997-1998,105,IL,15,"EWING, THOMAS W.",2,0,61,19sep1935,5,0,1,1,4,2,.44999999
1997-1998,105,CA,17,"FARR, SAM",1,100,55,04jul1941,5,0,1,1,1,0,.55000001
1997-1998,105,PA,2,"FATTAH, CHAKA",1,88,40,21nov1956,3,0,0,1,2,1,.86000001
1997-1998,105,IL,13,"FAWELL, HARRIS W.",2,38,67,25mar1929,13,0,1,1,1,2,.41
1997-1998,105,CA,3,"FAZIO, VICTOR HERBERT",1,100,54,11oct1942,19,0,1,1,3,1,.44999999
1997-1998,105,CA,50,"FILNER, BOB",1,100,54,04sep1942,5,0,1,4,1,1,.60000002
1997-1998,105,NY,6,"FLAKE, FLOYD H.",1,40,51,30jan1945,11,0,0,1,2,2,.85000002
1997-1998,105,PA,1,"FOGLIETTA, THOMAS M.",1,60,68,03dec1928,17,0,1,2,0,0,.82999998
1997-1998,105,FL,16,"FOLEY, MARK",2,13,42,08sep1954,3,0,1,2,0,0,.47
1997-1998,105,NY,1,"FORBES, MICHAEL P.",2,25,44,16jul1952,3,0,1,2,1,1,.50999999
1997-1998,105,TN,9,"FORD, HAROLD, JR.",1,100,26,11may1970,1,0,0,1,0,0,.70999998
1997-1998,105,FL,4,"FOWLER, TILLIE",2,13,54,23dec1942,5,1,1,1,2,0,.36000001
1997-1998,105,PA,13,"FOX, JON D.",2,25,49,22apr1947,3,0,1,4,0,0,.5
1997-1998,105,MA,4,"FRANK, BARNEY",1,100,56,31mar1940,17,0,1,4,0,0,.63999999
1997-1998,105,NJ,7,"FRANKS, ROBERT",2,25,45,21sep1951,5,0,1,1,0,0,.50999999
1997-1998,105,NJ,11,"FRELINGHUYSEN, RODNEY",2,38,50,29apr1946,3,0,1,1,2,0,.41999999
1997-1998,105,TX,24,"FROST, JONAS MARTIN, III",1,88,55,01jan1942,19,0,1,4,3,0,.54000002
1997-1998,105,OR,1,"FURSE, ELIZABETH",1,100,60,13oct1936,5,1,1,1,1,1,.5
1997-1998,105,CA,23,"GALLEGLY, ELTON",2,0,52,07mar1944,11,0,1,1,1,3,.44999999
1997-1998,105,IA,4,"GANSKE, JOHN G.",2,13,47,31mar1949,3,0,1,2,2,1,.49000001
1997-1998,105,CT,2,"GEJDENSON, SAMUEL",1,100,48,20may1948,17,0,1,4,1,1,.52999997
1997-1998,105,PA,17,"GEKAS, GEORGE W.",2,0,66,14apr1930,15,0,1,2,0,0,.37
1997-1998,105,MO,3,"GEPHARDT, RICHARD",1,88,55,31jan1941,20,0,1,1,2,1,.47999999
1997-1998,105,NV,2,"GIBBONS, JAMES A.",2,25,52,16dec1944,1,0,1,1,1,2,.38999999
1997-1998,105,MD,1,"GILCHREST, WAYNE T.",2,50,50,15apr1946,7,0,1,1,1,2,.43000001
1997-1998,105,OH,5,"GILLMOR, PAUL E.",2,0,57,01feb1939,9,0,1,1,2,3,.41999999
1997-1998,105,NY,20,"GILMAN, BENJAMIN",2,88,74,06dec1922,25,0,1,4,1,2,.54000002
1997-1998,105,GA,6,"GINGRICH, NEWTON LEROY",2,0,53,17jun1943,19,0,1,1,2,0,.33000001
1997-1998,105,TX,20,"GONZALEZ, HENRY B.",1,13,80,03may1916,36,0,0,2,4,4,.60000002
1997-1998,105,VA,5,"GOODE, VIRGIL H., JR.",1,38,50,17oct1946,1,0,1,1,1,0,.43000001
1997-1998,105,VA,6,"GOODLATTE, ROBERT W.",2,13,44,22sep1952,5,0,1,3,1,1,.41
1997-1998,105,PA,19,"GOODLING, WILLIAM",2,0,69,05dec1927,23,0,1,1,1,1,.51999998
1997-1998,105,TN,6,"GORDON, BART J.",1,75,47,24jan1949,13,0,1,1,0,0,.44999999
1997-1998,105,FL,14,"GOSS, PORTER J.",2,0,58,26nov1938,9,0,1,1,1,3,.38
1997-1998,105,SC,3,"GRAHAM, LINDSEY",2,0,41,09jul1955,3,0,1,1,0,0,.38999999
1997-1998,105,TX,12,"GRANGER, KAY",2,13,53,18jan1943,1,1,1,1,1,2,.46000001
1997-1998,105,TX,29,"GREEN, GENE",1,100,49,17oct1947,5,0,1,1,1,1,.61000001
1997-1998,105,PA,8,"GREENWOOD, JIM",2,38,45,04may1951,5,0,1,1,2,2,.44999999
1997-1998,105,IL,4,"GUTIERREZ, LUIS V.",1,100,43,10dec1953,5,0,0,2,2,0,.80000001
1997-1998,105,MN,1,"GUTKNECHT, GILBERT",2,0,45,20mar1951,3,0,1,2,2,1,.47999999
1997-1998,105,TX,4,"HALL, RALPH M.",1,13,73,03may1923,17,0,1,1,0,3,.34999999
1997-1998,105,OH,3,"HALL, TONY PATRICK",1,50,54,16jan1942,19,0,1,1,1,0,.5
1997-1998,105,IN,9,"HAMILTON, LEE H.",1,63,65,20apr1931,33,0,1,1,2,1,.44
1997-1998,105,UT,1,"HANSEN, JAMES V.",2,0,64,14aug1932,17,0,1,3,2,3,.28999999
1997-1998,105,CA,36,"HARMAN, JANE",1,100,51,28jun1945,5,1,1,4,2,2,.47
1997-1998,105,IL,14,"HASTERT, DENNIS J.",2,0,55,02jan1942,11,0,1,1,0,2,.41
1997-1998,105,FL,23,"HASTINGS, ALCEE L.",1,88,60,05sep1936,5,0,0,1,2,1,.74000001
1997-1998,105,WA,4,"HASTINGS, RICHARD",2,0,55,07feb1941,3,0,1,2,2,1,.40000001
1997-1998,105,AZ,6,"HAYWORTH, J.D.",2,0,38,12jul1958,3,0,1,1,2,1,.47
1997-1998,105,CO,5,"HEFLEY, JOEL M.",2,0,61,18apr1935,11,0,1,1,3,0,.33000001
1997-1998,105,NC,8,"HEFNER, W.G. (BILL)",1,88,66,11apr1930,23,0,1,1,2,0,.43000001
1997-1998,105,CA,2,"HERGER, WALTER",2,0,51,20may1945,11,0,1,3,3,5,.36000001
1997-1998,105,MT,1,"HILL, RICK",2,0,50,30dec1946,1,0,1,1,0,3,.41
1997-1998,105,TN,4,"HILLEARY, WILLIAM",2,0,37,20jun1959,3,0,1,1,0,0,.46000001
1997-1998,105,AL,7,"HILLIARD, EARL F.",1,100,54,09apr1942,5,0,0,1,1,1,.75
1997-1998,105,NY,26,"HINCHEY, MAURICE D.",1,100,58,27oct1938,5,0,1,2,1,2,.50999999
1997-1998,105,TX,15,"HINOJOSA, RUBEN E.",1,88,56,20aug1940,1,0,0,2,4,1,.60000002
1997-1998,105,OH,7,"HOBSON, DAVID L.",2,25,60,17oct1936,7,0,1,1,2,1,.41
1997-1998,105,MI,2,"HOEKSTRA, PETER",2,0,43,30oct1953,5,0,1,1,2,1,.41
1997-1998,105,PA,6,"HOLDEN, TIM",1,50,39,05mar1957,5,0,1,2,0,0,.41999999
1997-1998,105,OR,5,"HOOLEY, DARLENE KAY",1,100,57,04apr1939,1,1,1,1,1,1,.47
1997-1998,105,CA,38,"HORN, STEVE",2,63,65,31may1931,5,0,1,1,1,1,.52999997
1997-1998,105,IN,8,"HOSTETTLER, JOHN",2,0,45,19jun1951,3,0,1,1,2,2,.43000001
1997-1998,105,NY,31,"HOUGHTON, AMORY, JR.",2,75,70,07aug1926,11,0,1,1,0,0,.44
1997-1998,105,MD,5,"HOYER, STENY H.",1,100,57,14jun1939,17,0,1,1,3,0,.50999999
1997-1998,105,MO,9,"HULSHOF, KENNY",2,0,38,22mar1958,1,0,1,2,0,0,.44
1997-1998,105,CA,52,"HUNTER, DUNCAN L.",2,0,48,31may1948,17,0,1,1,0,2,.41
1997-1998,105,AR,3,"HUTCHINSON, ASA",2,13,46,03dec1950,1,0,1,1,1,3,.44
1997-1998,105,IL,6,"HYDE, HENRY JOHN",2,0,72,18apr1924,23,0,1,2,1,3,.41999999
1997-1998,105,SC,4,"INGLIS, ROBERT",2,0,37,11oct1959,5,0,1,1,3,1,.37
1997-1998,105,OK,5,"ISTOOK, ERNEST JIM",2,0,46,11feb1950,5,0,1,3,3,2,.31
1997-1998,105,IL,2,"JACKSON, JESSE L., JR.",1,100,31,11mar1965,3,0,0,1,0,0,.85000002
1997-1998,105,LA,2,"JEFFERSON, WILLIAM J.",1,75,49,14mar1947,7,0,0,1,5,0,.77999997
1997-1998,105,TN,1,"JENKINS, WILLIAM L.",2,13,60,29nov1936,1,0,1,1,2,2,.37
1997-1998,105,LA,7,"JOHN, CHRIS",1,50,37,05jan1960,1,0,1,2,0,0,.54000002
1997-1998,105,TX,30,"JOHNSON, EDDIE BERNICE",1,100,61,03dec1935,5,1,0,1,0,1,.69999999
1997-1998,105,WI,8,"JOHNSON, JAY W.",1,88,53,30sep1943,1,0,1,1,0,0,.46000001
1997-1998,105,CT,6,"JOHNSON, NANCY L.",2,100,62,05jan1935,15,1,1,1,3,0,.5
1997-1998,105,TX,3,"JOHNSON, SAM R.",2,0,66,11oct1930,7,0,1,1,2,1,.31999999
1997-1998,105,NC,3,"JONES, WALTER B., JR.",2,0,53,10feb1943,3,0,1,2,1,0,.40000001
1997-1998,105,PA,11,"KANJORSKI, PAUL E.",1,63,59,02apr1937,13,0,1,2,1,0,.47999999
1997-1998,105,OH,9,"KAPTUR, MARCIA",1,75,50,17jan1946,15,1,1,2,0,0,.55000001
1997-1998,105,OH,12,"KASICH, JOHN R.",2,0,44,13may1952,15,0,1,1,0,0,.47
1997-1998,105,NY,19,"KELLY, SUE",2,50,60,26sep1936,3,1,1,1,1,3,.47999999
1997-1998,105,MA,8,"KENNEDY, JOSEPH P., II",1,100,44,24sep1952,11,0,1,2,0,2,.76999998
1997-1998,105,RI,1,"KENNEDY, PATRICK J.",1,75,29,14jul1967,3,0,1,2,0,0,.61000001
1997-1998,105,CT,1,"KENNELLY, BARBARA B.",1,100,60,10jul1936,16,1,1,2,3,1,.58999997
1997-1998,105,MI,9,"KILDEE, DALE E.",1,63,67,16sep1929,21,0,1,2,1,2,.46000001
1997-1998,105,MI,15,"KILPATRICK, CAROLYN C.",1,100,51,25jun1945,1,1,0,1,1,1,.87
1997-1998,105,CA,41,"KIM, JAY C.",2,13,57,27mar1939,5,0,0,1,1,2,.43000001
1997-1998,105,WI,3,"KIND, RONALD JAMES",1,88,33,16mar1963,1,0,1,1,0,1,.5
1997-1998,105,NY,3,"KING, PETER T.",2,13,52,05apr1944,5,0,1,2,1,1,.52999997
1997-1998,105,GA,1,"KINGSTON, JOHN (JACK)",2,0,41,24apr1955,5,0,1,1,2,2,.44999999
1997-1998,105,WI,4,"KLECZKA, GERALD",1,63,53,26nov1943,14,0,1,2,0,0,.49000001
1997-1998,105,PA,4,"KLINK, RON",1,63,45,23sep1951,5,0,1,1,1,1,.47
1997-1998,105,WI,2,"KLUG, SCOTT L.",2,50,43,16jan1953,7,0,1,2,0,3,.55000001
1997-1998,105,MI,11,"KNOLLENBERG, JOSEPH",2,0,63,28nov1933,5,0,1,2,0,2,.46000001
1997-1998,105,AZ,5,"KOLBE, JIM",2,38,54,28jun1942,13,0,1,1,0,0,.47
1997-1998,105,OH,10,"KUCINICH, DENNIS J.",1,63,50,08oct1946,1,0,1,2,1,0,.50999999
1997-1998,105,NY,29,"LAFALCE, JOHN",1,50,57,06oct1939,23,0,1,2,0,1,.50999999
1997-1998,105,IL,18,"LAHOOD, RAY",2,38,51,06dec1945,3,0,1,2,2,2,.44
1997-1998,105,TX,9,"LAMPSON, NICHOLAS U.",1,88,51,14feb1945,1,0,1,2,2,0,.47999999
1997-1998,105,CA,12,"LANTOS, TOM",1,100,68,01feb1928,17,0,1,4,2,0,.69999999
1997-1998,105,OK,1,"LARGENT, STEPHEN",2,13,42,28sep1954,3,0,1,1,1,3,.37
1997-1998,105,IA,5,"LATHAM, TOM",2,0,48,14jul1948,3,0,1,1,2,1,.44
1997-1998,105,OH,19,"LATOURETTE, STEVEN C.",2,25,42,22jul1954,3,0,1,1,3,1,.47999999
1997-1998,105,NY,2,"LAZIO, RICK A.",2,50,38,13mar1958,5,0,1,2,2,0,.54000002
1997-1998,105,IA,1,"LEACH, JAMES",2,75,54,15oct1942,21,0,1,1,1,1,.54000002
1997-1998,105,TX,18,"LEE, SHEILA JACKSON",1,100,47,12jan1950,3,1,0,1,1,1,.73000002
1997-1998,105,MI,12,"LEVIN, SANDER M.",1,100,65,06sep1931,15,0,1,4,2,2,.51999998
1997-1998,105,CA,40,"LEWIS, JERRY",2,13,62,21oct1934,19,0,1,1,2,5,.38
1997-1998,105,GA,5,"LEWIS, JOHN",1,100,56,21feb1940,11,0,0,1,0,1,.74000001
1997-1998,105,KY,2,"LEWIS, RON",2,0,50,14sep1946,3,0,1,1,1,1,.49000001
1997-1998,105,GA,11,"LINDER, JOHN",2,0,54,09sep1942,5,0,1,1,1,1,.37
1997-1998,105,IL,3,"LIPINSKI, WILLIAM O.",1,25,59,22dec1937,15,0,1,2,1,1,.52999997
1997-1998,105,LA,1,"LIVINGSTON, ROBERT L.",2,0,53,30apr1943,21,0,1,1,1,3,.37
1997-1998,105,NJ,2,"LOBIONDO, FRANK",2,25,50,12may1946,3,0,1,2,2,0,.5
1997-1998,105,CA,16,"LOFGREN, ZOE",1,100,49,21dec1947,3,1,1,0,1,1,.61000001
1997-1998,105,NY,18,"LOWEY, NITA M.",1,100,59,05jul1937,9,1,1,4,2,1,.57999998
1997-1998,105,OK,6,"LUCAS, FRANK D.",2,0,37,06jan1960,3,0,1,1,2,1,.41
1997-1998,105,MN,6,"LUTHER, WILLIAM",1,100,51,27jun1945,3,0,1,2,1,1,.50999999
1997-1998,105,NY,14,"MALONEY, CAROLYN B.",1,100,48,19feb1948,5,0,1,1,2,0,.69999999
1997-1998,105,CT,5,"MALONEY, JAMES H.",1,88,48,17sep1948,1,0,1,2,3,0,.47999999
1997-1998,105,NY,7,"MANTON, THOMAS J.",1,63,64,03nov1932,13,0,1,2,2,2,.68000001
1997-1998,105,IL,16,"MANZULLO, DONALD",2,0,52,24mar1944,5,0,1,1,2,1,.41999999
1997-1998,105,MA,7,"MARKEY, EDWARD J.",1,88,50,11jul1946,21,0,1,2,0,0,.63999999
1997-1998,105,CA,31,"MARTINEZ, MATTHEW G. (MARTY)",1,88,67,14feb1929,16,0,0,2,3,2,.64999998
1997-1998,105,PA,20,"MASCARA, FRANK R.",1,63,66,19jan1930,3,0,1,2,1,3,.5
1997-1998,105,CA,5,"MATSUI, ROBERT TAKEO",1,88,55,17sep1941,19,0,0,1,0,1,.56999999
1997-1998,105,NY,4,"MCCARTHY, CAROLYN",1,100,53,05jan1944,1,1,1,2,0,1,.56
1997-1998,105,MO,5,"MCCARTHY, KAREN",1,100,49,19mar1947,3,1,1,2,0,0,.57999998
1997-1998,105,FL,8,"MCCOLLUM, BILL",2,0,52,12jul1944,17,0,1,1,0,3,.44
1997-1998,105,LA,4,"MCCRERY, JAMES O.",2,0,47,18sep1949,10,0,1,1,0,2,.51999998
1997-1998,105,PA,10,"MCDADE, JOSEPH M.",2,38,65,29sep1931,35,0,1,2,2,3,.44999999
1997-1998,105,WA,7,"MCDERMOTT, JIM",1,100,60,28dec1936,9,0,1,1,1,1,.67000002
1997-1998,105,MA,3,"MCGOVERN, JAMES P.",1,100,37,20nov1959,1,0,1,2,0,0,.60000002
1997-1998,105,PA,15,"MCHALE, PAUL",1,75,46,26jul1950,5,0,1,2,1,2,.46000001
1997-1998,105,NY,24,"MCHUGH, JOHN M.",2,38,48,29sep1948,5,0,1,2,0,0,.49000001
1997-1998,105,CO,3,"MCINNIS, SCOTT",2,0,43,04apr1953,5,0,1,2,2,1,.43000001
1997-1998,105,IN,2,"MCINTOSH, DAVID M.",2,0,38,08jun1958,3,0,1,1,1,0,.41999999
1997-1998,105,NC,7,"MCINTYRE, MIKE",1,50,40,06aug1956,1,0,1,1,0,2,.44
1997-1998,105,CA,25,"MCKEON, HOWARD P. (BUCK)",2,0,58,09sep1938,5,0,1,3,3,3,.41
1997-1998,105,GA,4,"MCKINNEY, CYNTHIA ANN",1,100,41,17mar1955,5,1,0,2,0,1,.63999999
1997-1998,105,NY,21,"MCNULTY, MICHAEL R.",1,50,49,16sep1947,9,0,1,2,4,0,.56999999
1997-1998,105,MA,5,"MEEHAN, MARTIN T.",1,100,40,30dec1956,5,0,1,2,0,0,.57999998
1997-1998,105,FL,17,"MEEK, CARRIE P.",1,100,70,29apr1926,5,1,0,1,2,1,.85000002
1997-1998,105,NJ,13,"MENENDEZ, ROBERT",1,88,43,01jan1954,5,0,0,2,1,1,.70999998
1997-1998,105,WA,2,"METCALF, JACK",2,0,69,30nov1927,3,0,1,1,4,0,.47
1997-1998,105,FL,7,"MICA, JOHN L.",2,0,53,27jan1943,5,0,1,1,1,1,.43000001
1997-1998,105,CA,37,"MILLENDER-MCDONALD, JUANITA",1,100,58,07sep1938,1,1,0,1,3,1,.81
1997-1998,105,FL,13,"MILLER, DAN",2,13,54,30may1942,5,0,1,1,1,1,.43000001
1997-1998,105,CA,7,"MILLER, GEORGE",1,100,51,17may1945,23,0,1,2,0,2,.64999998
1997-1998,105,MN,2,"MINGE, DAVID",1,88,54,19mar1942,5,0,1,1,0,2,.44999999
1997-1998,105,HI,2,"MINK, PATSY T.",1,100,69,06dec1927,17,1,0,1,1,0,.56999999
1997-1998,105,MA,9,"MOAKLEY, JOHN",1,75,69,27apr1927,25,0,1,2,0,0,.62
1997-1998,105,NY,13,"MOLINARI, SUSAN",2,0,38,27mar1958,8,0,1,2,1,0,.50999999
1997-1998,105,WV,1,"MOLLOHAN, ALAN B.",1,50,53,14may1943,15,0,1,1,1,4,.49000001
1997-1998,105,VA,8,"MORAN, JAMES P., JR.",1,75,51,16may1945,7,0,1,2,2,3,.55000001
1997-1998,105,KS,1,"MORAN, JERRY",2,25,42,29may1954,1,0,1,1,2,0,.28
1997-1998,105,MD,8,"MORELLA, CONSTANCE A.",2,100,65,12feb1931,11,1,1,2,1,2,.56999999
1997-1998,105,PA,12,"MURTHA, JOHN P.",1,63,65,17jan1932,24,0,1,2,1,2,.46000001
1997-1998,105,NC,9,"MYRICK, SUE",2,13,55,01aug1941,3,1,1,1,3,2,.38
1997-1998,105,NY,8,"NADLER, JERROLD",1,88,49,13jun1947,5,0,1,4,0,1,.76999998
1997-1998,105,MA,2,"NEAL, RICHARD E.",1,75,47,14feb1949,9,0,1,2,1,3,.61000001
1997-1998,105,WA,5,"NETHERCUTT, GEORGE R.",2,0,52,07oct1944,3,0,1,1,1,1,.44
1997-1998,105,WI,1,"NEUMANN, MARK W.",2,0,42,27feb1954,3,0,1,1,1,2,.5
1997-1998,105,OH,18,"NEY, ROBERT WILLIAM (BOB)",2,25,42,05jul1954,3,0,1,2,1,1,.47
1997-1998,105,KY,3,"NORTHUP, ANNE MEAGHER",2,0,48,22jan1948,1,0,1,2,2,4,.52999997
1997-1998,105,GA,10,"NORWOOD, CHARLES",2,0,55,27jul1941,3,0,1,1,0,2,.47999999
1997-1998,105,IA,2,"NUSSLE, JIM",2,13,36,27jun1960,7,0,1,1,1,1,.52999997
1997-1998,105,MN,8,"OBERSTAR, JAMES L.",1,63,62,10sep1934,23,0,1,2,4,2,.52999997
1997-1998,105,WI,7,"OBEY, DAVID R.",1,88,58,03oct1938,29,0,1,2,0,2,.49000001
1997-1998,105,MA,1,"OLVER, JOHN W.",1,100,60,03sep1936,7,0,1,0,1,0,.61000001
1997-1998,105,TX,27,"ORTIZ, SOLOMON",1,63,58,03jun1938,15,0,0,1,1,1,.56999999
1997-1998,105,NY,11,"OWENS, MAJOR ROBERT ODELL",1,100,60,28jun1936,15,0,0,1,1,4,.89999998
1997-1998,105,OH,4,"OXLEY, MICHAEL G.",2,0,52,11feb1944,17,0,1,1,0,1,.37
1997-1998,105,CA,48,"PACKARD, RONALD C.",2,0,65,19jan1931,15,0,1,3,4,3,.34
1997-1998,105,NJ,6,"PALLONE, FRANK, JR.",1,100,45,30oct1951,9,0,1,2,1,1,.54000002
1997-1998,105,NJ,12,"PAPPAS, MICHAEL",2,0,36,29dec1960,1,0,1,1,,,.47999999
1997-1998,105,MS,4,"PARKER, MIKE",2,0,47,31oct1949,9,0,1,1,1,2,.46000001
1997-1998,105,NJ,8,"PASCRELL, WILLIAM J.",1,88,59,27jan1937,1,0,1,2,0,3,.57999998
1997-1998,105,AZ,2,"PASTOR, ED",1,100,53,28jun1943,5,0,1,2,2,0,.63
1997-1998,105,TX,14,"PAUL, RON E.",2,13,61,20aug1935,1,0,1,1,3,2,.41999999
1997-1998,105,NY,27,"PAXON, L. WILLIAM",2,0,42,29apr1954,9,0,1,2,1,0,.43000001
1997-1998,105,NJ,10,"PAYNE, DONALD M.",1,100,62,16jul1934,9,0,0,1,2,1,.81999999
1997-1998,105,IN,7,"PEASE, EDWARD A.",2,0,45,22may1951,1,0,1,1,0,0,.34999999
1997-1998,105,CA,8,"PELOSI, NANCY",1,100,56,26mar1940,11,1,1,2,4,1,.66000003
1997-1998,105,MN,7,"PETERSON, COLLIN C.",1,63,52,29jun1944,7,0,1,1,0,3,.44999999
1997-1998,105,PA,5,"PETERSON, JOHN E.",2,0,58,25dec1938,1,0,1,1,0,1,.40000001
1997-1998,105,WI,6,"PETRI, THOMAS EVERT",2,13,56,28may1940,19,0,1,1,1,0,.44999999
1997-1998,105,MS,3,"PICKERING, CHARLES W., JR.",2,0,33,10aug1963,1,0,1,1,0,4,.36000001
1997-1998,105,VA,2,"PICKETT, OWEN B.",1,100,66,31aug1930,11,0,1,1,3,0,.44
1997-1998,105,PA,16,"PITTS, JOSEPH R.",2,0,57,10oct1939,1,0,1,1,2,1,.37
1997-1998,105,CA,11,"POMBO, RICHARD W.",2,0,36,08jan1961,5,0,1,2,2,1,.46000001
1997-1998,105,ND,1,"POMEROY, EARL R.",1,88,44,02sep1952,5,0,1,1,1,1,.40000001
1997-1998,105,IL,10,"PORTER, JOHN EDWARD",2,25,61,01jun1935,18,0,1,1,3,2,.5
1997-1998,105,OH,2,"PORTMAN, ROBERT J.",2,0,41,19dec1955,5,0,1,1,1,2,.34
1997-1998,105,IL,19,"POSHARD, GLENN",1,63,51,30oct1945,9,0,1,1,1,1,.47
1997-1998,105,NC,4,"PRICE, DAVID E.",1,100,56,17aug1940,11,0,1,1,1,1,.49000001
1997-1998,105,OH,15,"PRYCE, DEBORAH",2,25,45,29jul1951,5,1,1,1,1,1,.44
1997-1998,105,NY,30,"QUINN, JACK",2,38,45,13apr1951,5,0,1,2,1,1,.56999999
1997-1998,105,CA,19,"RADANOVICH, GEORGE",2,0,41,20jun1955,3,0,1,2,0,0,.40000001
1997-1998,105,WV,3,"RAHALL, NICK JOE",1,63,47,20may1949,21,0,1,1,2,1,.57999998
1997-1998,105,MN,3,"RAMSTAD, JIM",2,38,50,06may1946,7,0,1,1,0,0,.47
1997-1998,105,NY,15,"RANGEL, CHARLES",1,88,66,11jun1930,27,0,0,2,1,1,.91000003
1997-1998,105,NM,3,"REDMOND, WILLIAM T.",2,14,41,28jan1955,1,0,1,1,1,1,.51999998
1997-1998,105,OH,16,"REGULA, RALPH S.",2,25,72,03dec1924,25,0,1,1,1,2,.43000001
1997-1998,105,TX,16,"REYES, SILVESTRE",1,88,52,10nov1944,1,0,0,2,2,1,.63
1997-1998,105,CA,1,"RIGGS, FRANK DU",2,0,46,05sep1950,7,0,1,1,1,2,.47999999
1997-1998,105,AL,3,"RILEY, ROBERT R.",2,0,52,03oct1944,1,0,1,1,3,1,.44
1997-1998,105,MI,13,"RIVERS, LYNN N.",1,100,40,19dec1956,3,1,1,1,2,0,.57999998
1997-1998,105,TX,28,"RODRIGUEZ, CIRO D.",1,100,50,09dec1946,1,0,0,2,1,0,.63
1997-1998,105,IN,3,"ROEMER, TIM",1,63,40,30oct1956,7,0,1,2,1,2,.43000001
1997-1998,105,CA,27,"ROGAN, JAMES E.",2,0,39,21aug1957,1,0,1,1,2,0,.49000001
1997-1998,105,KY,5,"ROGERS, HAROLD D.",2,0,59,31dec1937,17,0,1,1,1,2,.47
1997-1998,105,CA,45,"ROHRABACHER, DANA",2,0,49,21jun1947,9,0,1,1,0,0,.38
1997-1998,105,FL,18,"ROS-LEHTINEN, ILEANA",2,13,44,15jul1952,8,1,0,2,2,0,.43000001
1997-1998,105,NJ,9,"ROTHMAN, STEVEN R.",1,100,44,14oct1952,1,0,1,4,1,1,.60000002
1997-1998,105,NJ,5,"ROUKEMA, MARGARET S.",2,38,67,19sep1929,17,1,1,1,1,1,.41999999
1997-1998,105,CA,33,"ROYBAL-ALLARD, LUCILLE",1,100,55,12jun1941,5,1,0,2,2,2,.80000001
1997-1998,105,CA,39,"ROYCE, EDWARD R.",2,0,45,12oct1951,5,0,1,2,0,0,.41
1997-1998,105,IL,1,"RUSH, BOBBY L.",1,100,50,23nov1946,5,0,0,1,1,4,.85000002
1997-1998,105,KS,2,"RYUN, JAMES R.",2,0,49,29apr1947,1,0,1,1,2,2,.38999999
1997-1998,105,MN,5,"SABO, MARTIN OLAV",1,100,58,28feb1938,19,0,1,1,2,0,.62
1997-1998,105,AZ,1,"SALMON, MATTHEW",2,0,38,21jan1958,3,0,1,3,2,2,.44999999
1997-1998,105,CA,46,"SANCHEZ, LORETTA",1,100,37,07jan1960,1,1,0,2,0,0,.49000001
1997-1998,105,VT,1,"SANDERS, BERNARD",3,100,55,08sep1941,7,0,1,4,2,2,.52999997
1997-1998,105,TX,1,"SANDLIN, MAX A., JR.",1,88,44,29sep1952,1,0,1,1,2,2,.44999999
1997-1998,105,SC,1,"SANFORD, MARSHALL",2,13,36,28may1960,3,0,1,1,0,3,.38
1997-1998,105,OH,14,"SAWYER, THOMAS C. (TOM)",1,100,51,15aug1945,11,0,1,1,1,0,.52999997
1997-1998,105,NJ,3,"SAXTON, H. JAMES",2,25,53,22jan1943,13,0,1,1,1,1,.5
1997-1998,105,FL,1,"SCARBOROUGH, JOE",2,0,33,09apr1963,3,0,1,1,0,2,.31
1997-1998,105,CO,6,"SCHAEFER, DANIEL",2,0,60,25jan1936,15,0,1,2,1,3,.43000001
1997-1998,105,CO,4,"SCHAFER, ROBERT W. (BOB)",2,0,34,24jul1962,1,0,1,2,3,1,.41
1997-1998,105,NM,1,"SCHIFF, STEVEN H.",2,0,49,18mar1947,9,0,1,4,1,1,.47999999
1997-1998,105,NY,9,"SCHUMER, CHARLES E.",1,100,46,23nov1950,17,0,1,4,2,0,.66000003
1997-1998,105,VA,3,"SCOTT, ROBERT C.",1,100,49,30apr1947,5,0,0,1,0,0,.72000003
1997-1998,105,WI,9,"SENSENBRENNER, FRANK JAMES",2,0,53,14jun1943,19,0,1,1,0,2,.37
1997-1998,105,NY,16,"SERRANO, JOSE E.",1,100,53,24oct1943,8,0,0,2,2,3,.94
1997-1998,105,TX,5,"SESSIONS, PETER",2,0,41,22mar1955,1,0,1,1,0,2,.46000001
1997-1998,105,AZ,4,"SHADEGG, JOHN B.",2,0,47,22oct1949,3,0,1,1,1,1,.44
1997-1998,105,FL,22,"SHAW, E. CLAY, JR.",2,13,57,19apr1939,17,0,1,2,2,2,.54000002
1997-1998,105,CT,4,"SHAYS, CHRISTOPHER",2,63,51,18oct1945,11,0,1,3,1,0,.50999999
1997-1998,105,CA,24,"SHERMAN, BRAD",1,100,42,24oct1954,1,0,1,4,0,0,.51999998
1997-1998,105,IL,20,"SHIMKUS, JOHN M.",2,0,38,21feb1958,1,0,1,1,0,2,.47
1997-1998,105,PA,9,"SHUSTER, E.G.",2,13,64,23jan1932,25,0,1,1,3,2,.36000001
1997-1998,105,VA,4,"SISISKY, NORMAN",1,88,69,09jun1927,15,0,1,4,0,4,.46000001
1997-1998,105,CO,2,"SKAGGS, DAVID E.",1,88,53,22feb1943,11,0,1,1,1,2,.49000001
1997-1998,105,NM,2,"SKEEN, JOSEPH R.",2,13,69,30jun1927,17,0,1,2,1,1,.46000001
1997-1998,105,MO,4,"SKELTON, IKE",1,63,65,20dec1931,21,0,1,1,1,2,.41
1997-1998,105,NY,28,"SLAUGHTER, LOUISE M.",1,75,67,14aug1929,11,1,1,1,3,0,.55000001
1997-1998,105,WA,9,"SMITH, ADAM",1,100,31,15jun1965,1,0,1,1,0,0,.50999999
1997-1998,105,NJ,4,"SMITH, CHRISTOPHER H.",2,13,43,04mar1953,17,0,1,2,2,2,.50999999
1997-1998,105,TX,21,"SMITH, LAMAR S.",2,0,49,19nov1947,11,0,1,3,1,1,.30000001
1997-1998,105,WA,3,"SMITH, LINDA",2,0,46,16jul1950,3,1,1,1,1,1,.49000001
1997-1998,105,MI,7,"SMITH, NICK H.",2,13,62,05nov1934,5,0,1,1,3,1,.46000001
1997-1998,105,OR,2,"SMITH, ROBERT F.",2,13,65,16jul1931,15,0,1,1,1,2,.38
1997-1998,105,KS,3,"SNOWBARGER, VINCENT K.",2,13,46,09sep1950,1,0,1,1,0,2,.41999999
1997-1998,105,AR,2,"SNYDER, VICTOR F.",1,100,49,27sep1947,1,0,1,1,0,0,.55000001
1997-1998,105,NY,22,"SOLOMON, GERALD B.",2,0,66,14aug1930,19,0,1,1,2,3,.44999999
1997-1998,105,IN,4,"SOUDER, MARK E.",2,25,46,18jul1950,3,0,1,1,1,2,.36000001
1997-1998,105,SC,2,"SPENCE, FLOYD",2,0,68,09apr1928,27,0,1,1,0,4,.41
1997-1998,105,SC,5,"SPRATT, JOHN M.",1,88,54,01nov1942,15,0,1,1,3,0,.46000001
1997-1998,105,MI,8,"STABENOW, DEBORAH ANN",1,88,46,29apr1950,1,1,1,1,1,1,.49000001
1997-1998,105,CA,13,"STARK, FORTNEY (PETE)",1,100,65,11nov1931,25,0,1,1,3,2,.62
1997-1998,105,FL,6,"STEARNS, CLIFFORD",2,0,55,16apr1941,9,0,1,1,0,3,.38999999
1997-1998,105,TX,17,"STENHOLM, CHARLES WALTER",1,50,58,26oct1938,19,0,1,1,1,2,.38999999
1997-1998,105,OH,11,"STOKES, LOUIS",1,100,71,23feb1925,29,0,0,1,3,1,.79000002
1997-1998,105,OH,6,"STRICKLAND, TED",1,88,55,04aug1941,3,0,1,1,0,0,.44
1997-1998,105,AZ,3,"STUMP, BOB",2,0,69,04apr1927,21,0,1,1,1,2,.41
1997-1998,105,MI,1,"STUPAK, BART",1,63,44,29feb1952,5,0,1,2,0,2,.47
1997-1998,105,NH,1,"SUNUNU, JOHN E.",2,0,32,10sep1964,1,0,1,2,1,1,.47999999
1997-1998,105,MO,2,"TALENT, JAMES M.",2,0,40,18oct1956,5,0,1,1,2,1,.41
1997-1998,105,TN,8,"TANNER, JOHN S.",1,75,52,22sep1944,9,0,1,1,1,1,.5
1997-1998,105,CA,10,"TAUSCHER, ELLEN",1,88,45,15nov1951,1,1,1,2,1,0,.47999999
1997-1998,105,LA,3,"TAUZIN, WILBERT J.",2,0,53,14jun1943,18,0,1,2,1,4,.50999999
1997-1998,105,NC,11,"TAYLOR, CHARLES H.",2,0,55,23jan1941,7,0,1,1,0,3,.43000001
1997-1998,105,MS,5,"TAYLOR, GENE",1,13,43,17sep1953,8,0,1,2,2,1,.34999999
1997-1998,105,CA,21,"THOMAS, WILLIAM MARSHALL",2,13,55,06dec1941,19,0,1,1,1,1,.34
1997-1998,105,MS,2,"THOMPSON, BENNIE",1,100,48,28jan1948,5,0,0,1,1,0,.62
1997-1998,105,TX,13,"THORNBERRY, WILLIAM M. (MAC)",2,0,38,15jul1958,3,0,1,1,1,1,.38999999
1997-1998,105,SD,1,"THUNE, JOHN R.",2,13,36,07jan1961,1,0,1,1,2,0,.43000001
1997-1998,105,FL,5,"THURMAN, KAREN L.",1,100,46,12jan1951,5,1,1,1,1,1,.5
1997-1998,105,KS,4,"TIAHRT, TODD",2,0,45,15jun1951,3,0,1,1,1,2,.34999999
1997-1998,105,MA,6,"TIERNEY, JOHN F.",1,100,45,18sep1951,1,0,1,0,0,0,.58999997
1997-1998,105,CA,34,"TORRES, ESTEBAN E.",1,100,66,27jan1930,15,0,0,0,4,1,.63999999
1997-1998,105,NY,10,"TOWNS, EDOLPHUS",1,88,62,21jul1934,15,0,0,1,1,1,.89999998
1997-1998,105,OH,17,"TRAFICANT, JAMES A., JR.",1,63,55,08may1941,13,0,1,2,2,0,.57999998
1997-1998,105,TX,2,"TURNER, JAMES W.",1,88,50,06jun1946,1,0,1,1,1,1,.44999999
1997-1998,105,MI,6,"UPTON, FRED",2,38,43,23apr1953,11,0,1,1,1,1,.46000001
1997-1998,105,NY,12,"VELAZQUEZ, NYDIA M.",1,100,43,28mar1953,5,1,0,2,0,0,.85000002
1997-1998,105,MN,4,"VENTO, BRUCE",1,100,56,07oct1940,21,0,1,2,0,3,.57999998
1997-1998,105,IN,1,"VISCLOSKEY, PETER J.",1,75,47,13aug1949,13,0,1,2,0,2,.57999998
1997-1998,105,NY,25,"WALSH, JAMES T.",2,25,49,19sep1947,9,0,1,2,1,2,.50999999
1997-1998,105,TN,3,"WAMP, ZACH",2,0,39,28oct1957,3,0,1,1,1,1,.46000001
1997-1998,105,CA,35,"WATERS, MAXINE",1,100,58,31aug1938,7,1,0,1,1,1,.83999997
1997-1998,105,OK,3,"WATKINS, WES",2,25,58,15dec1938,1,0,1,1,2,1,.47
1997-1998,105,NC,12,"WATT, MELVIN LU",1,100,51,26aug1945,5,0,0,1,0,2,.69
1997-1998,105,OK,4,"WATTS, JULIUS C.",2,25,39,18nov1957,3,0,0,1,3,2,.40000001
1997-1998,105,CA,29,"WAXMAN, HENRY A.",1,100,57,12sep1939,23,0,1,4,1,1,.66000003
1997-1998,105,PA,7,"WELDON, CURT",2,13,49,22jul1947,11,0,1,1,3,2,.44999999
1997-1998,105,FL,15,"WELDON, DAVID J.",2,0,43,31aug1953,3,0,1,1,1,0,.41
1997-1998,105,IL,11,"WELLER, GERALD C. (JERRY)",2,0,39,07jul1957,3,0,1,1,0,0,.50999999
1997-1998,105,FL,19,"WEXLER, ROBERT",1,100,36,02jan1961,1,0,1,4,2,1,.64999998
1997-1998,105,RI,2,"WEYGAND, ROBERT A.",1,63,48,10may1948,1,0,1,2,2,1,.58999997
1997-1998,105,WA,1,"WHITE, RICHARD",2,38,43,06nov1953,3,0,1,1,3,1,.50999999
1997-1998,105,KY,1,"WHITFIELD, EDWARD",2,0,53,25may1943,3,0,1,1,1,0,.47
1997-1998,105,MS,1,"WICKER, ROGER F.",2,0,45,05jul1951,3,0,1,1,2,1,.41999999
1997-1998,105,WV,2,"WISE, ROBERT E.",1,100,49,06jan1948,15,0,1,1,1,1,.49000001
1997-1998,105,VA,10,"WOLF, FRANK R.",2,13,57,30jan1939,17,0,1,1,4,1,.38
1997-1998,105,CA,6,"WOOLSEY, LYNN",1,100,59,03nov1937,5,1,1,1,1,3,.56999999
1997-1998,105,MD,4,"WYNN, ALBERT R.",1,100,45,10sep1951,5,0,0,1,1,0,.81
1997-1998,105,IL,9,"YATES, SIDNEY RICHARD",1,88,87,27apr1909,47,0,1,4,0,1,.69
1997-1998,105,FL,10,"YOUNG, C.W. (BILL)",2,0,66,16dec1930,27,0,1,1,0,3,.50999999
1997-1998,105,AK,1,"YOUNG, DONALD E.",2,13,63,09jun1933,25,0,1,1,2,0,.33000001
